hi chị_em là thuý quỳnh	0
chào chị	0
em chafo chị_em là thanh thảo	0
em chào chị_em là hoàng_lan	0
em chào chị phương em là việt	0
hi chị_em tên là_hải	0
em chào chị_em là vũ hoàng_trung	0
chị ơi	0
hi bạn	0
em chào chị_em là trọng hiếu ạ	0
chị oii em hương đây	0
chào	0
hi chị_em tên là tuấn	0
chào mai phương mình là phú	0
dạ em chào chị	0
em chào chị_em là tuấn_hải	0
em chao chi em la_châu	0
em chào chị chị cho em hỏi cái này với	0
em chào chị_em là bình_minh	0
chào bạn mình là tuấn_hải	0
em chào chị_em là quang	0
chào chị_em là minh_quân	0
hi chị_em tên là thắng	0
hi phương mình là phong	0
hi chi em là thanh hoa	0
em chào chị là trường	0
chào bạn mình tên minh chi	0
em chào cj em là tuấn	0
hii	0
chào chị_em là hoài_thu	0
chào chị_em là minh thanh	0
hello c	0
chào chị_em tên là quang	0
em chào chị_em là minh hiền	0
alo	0
chào bạn mình là minh hiền	0
chào chị_em là hải_đăng	0
xin chào	0
em chào chị ạ	0
em chào chị_em là_hùng	0
hi mình là quốc_anh	0
hiii	0
mình chào bạn tên mình là quang	0
hello mình là minh_anh	0
vaang	1
ok bạn để mình xem qua	1
oke ạ	1
oce ạ	1
vâng ko sao ạ	1
oke	1
em có nhận đc thông_tin rồi ạ	1
vâng ạ	1
dạ vâng ạ	1
dạ	1
oke nhé mai	1
oke mai nhé	1
oke chị	1
ok chị	1
ok bạn	1
dạ chị em sẽ tham_khảo	1
vâng chị	1
oke mai	1
oce chị	1
vâng a	1
oki chị	1
cảm_ơn chị đã phản_hồi	2
cám_ơn phương mai nhé	2
cám_ơn mai nhiều	2
dạ em cám_ơn chị	2
cảm_ơn chị rất nhiều	2
vâng em cảm_ơn ạ	2
a cám_ơn mai nhé	2
em cảm_ơn ạ	2
tks chị mai	2
em cảm_ơn	2
okhe e cảm_ơn ak	2
em cảm_ơn chị	2
em cám_ơn chị mai	2
cảm_ơn b	2
thanks bạn	2
thank chị	2
dạ vâng em cám_ơn chị	2
tks mai nhé	2
vâng ạ em cảm_ơn ạ	2
em cảm_ơn nha	2
thanks mai nhé	2
e cám_ơn chị mai ạ	2
cảm_ơn bạn nhiều	2
em cảm_ơn chị ạ	2
anh cám_ơn mai nhé	2
mình cảm_ơn ạ	2
cảm_ơn bạn	2
em cám_ơn chị mai ạ	2
em cám_ơn chị	2
mình cám_ơn mai nhé	2
e cám_ơn chị mai	2
vâng em cám_ơn chị mai	3
dạ em cảm_ơn	3
oke cám_ơn chị ạ	3
oke em cám_ơn ạ	3
dạ vâng ạ em cảm_ơn chị rất nhiều ạ	3
dạ vâng em cảm_ơn chị nhiều ạ	3
dạ vâng ạ e cảm_ơn chị nhiều lắm ạ	3
dạ em cảm_ơn chị nhiều ạ	3
oke em cám_ơn chị mai ạ	3
uh cám_ơn mai nhé	3
vâng chị_em cảm_ơn	3
vần cảm_ơn chị	3
dạ vâng cảm_ơn chị đã dành thời_gian cho em ạ	3
dạ vâng e nhận đc jd rồi ạ e cảm_ơn chị nhiều ạ	3
oke cảm_ơn mai nhé	3
oki em cảm_ơn chị mai	3
dạ vâng em cảm_ơn chị nhiều	3
vâng ạ em cám_ơn chị mai	3
oke tks mai nhé	3
vâng cám_ơn chị	3
dạ em cảm_ơn ạ	3
ok cám_ơn bạn	3
vâng em cảm_ơn chị ạ	3
oke ạ em cám_ơn chị mai	3
chị cho em hỏi thời_gian làm_việc part time của công_ty mình được không ạ	4
chị cho em xin lịch làm_việc của công_ty mình với ạ	4
cho mình xin lịch làm_việc của công_ty với	4
giờ_giấc làm_việc	4
chị ơi bên mình có yêu_cầu số buổi trên công_ty không ạ	4
về thời_gian làm_việc như_thế_nào ạ	4
cho mình xin cái lịch làm_việc với	4
thời_gian làm_việc như_thế_nào ạ	4
nếu em làm tts parttime thì lịch làm_việc của em như_thế_nào vậy chị	4
em xin thời_gian làm_việc với chị	4
cho em hỏi thời_gian làm_việc trong ngày như sào	4
chị cho em hỏi chút về thời_gian_thực tập được không ạ	4
cho mình xin thời_gian làm_việc với bạn	4
cho em hỏi giờ_giấc làm_việc thì sao	4
bên mình làm_việc như_thế_nào nhỉ	4
là sinh_viên thì sẽ đc chọn ca làm_việc đúng không ạ	4
thời_gian_thực tập trong ngày	4
thời_gian làm_việc	4
bên mình part time làm bao_nhiêu buổi / tuần k	4
dạ c cho e hỏi về thời_gian làm_việc với ạ	4
giờ_giấc làm_việc như_thế_nào vậy chị	4
time làm_việc thế_nào nhỉ bạn	4
c ơi c cho e hỏi về thời_gian làm_việc part time như nào ạ	4
vâng e xin ứng_tuyển	5
cho mình ứng_tuyển vị_trí nhân_sự nhé	5
cho a ứng_tuyển nhé	5
cho em xin được thực_tập ạ	5
em xin intern ạ	5
chị cho em hỏi em hiện đang là sinh_viên năm cuối tuần em còn buổi sáng học trên trường có_thể ứng_tuyển vào vị_trí này không ạ	5
e muốn thực_tập ạ	5
chị cho em ứng_tuyển vị_trí ai engineer ạ	5
cho em ứng_tuyển nhé chị	5
cho anh ứng_tuyển vị_trí c nhé	5
vậy chị cho em ứng_tuyển với ạ	5
nếu được thì e sẽ apply để chị xem qua cv của em ạ	5
cho em ứng_tuyển ạ	5
em có_thể ứng_tuyển được không ạ	5
cho em ứng_tuyển vị_trí này nhé chị	5
oke bạn cho mình ứng_tuyển với	5
em xin ứng_tuyển ạ	5
mình xin ứng_tuyển vị_trí này nhé	5
vâng ạ em muốn ứng_tuyển vào vị_trí này ạ	5
chị cho em ứng_tuyển với ạ	5
em quan_tâm đến cv tuyển_dụng bên mình ạ	5
mình xin ứng_tuyển vị_trí net	5
em muốn xin thực_tập bên chị ạ	5
part time có đc ko ạ	6
chị ơi em có_thể làm part time đc không ạ	6
bên b có tuyển partime k	6
bên mình tt full time hay part time vậy chị	6
với cả nếu được accept em có khả_năng có_thể thực_tập full time được ạ không như các trường khác ạ	6
bên mình làm_việc full hay part vậy em	6
với bên mình cho làm parttime không ạ	6
bên mình thực_tập partime hay fulltime ạ	6
dạ chị ơi vị_trí này công_ty tuyển parttime đúng không ạ	6
bên mình làm_việc fulltime hay part time vậy	6
mà em xin partime ấy chị	6
em có_thể làm parttime ko ạ	6
bạn ơi hiện_tại mình đang đi làm mong_muốn tìm việc parttime để kiếm thêm thu_nhập mình đã làm qua các phần_mềm quản_lý bán hàngkhobar cf hiện_tại mình đang làm it tại trường đh do ở xa nên mình mong_muốn có_thể làm online không biết mình có_thể ứng_tuyển dc k bạn	6
nếu được trúng_tuyển thì em có_thể làm tts part time không hả chị	6
em xin fulltime chị	6
dạ thế em muốn xin vào thực_tập partime thì được đúng ạ	6
nếu em ứng_tuyển vị_trí tts thì phải làm fulltime hay chỉ có_thể làm partime được hả chị	6
mà em xin fulltime ấy	6
em đi part time ạ	6
bên mình thực_tập fulltime hay parttime ạ	6
hiện_tại em năm cuối nhưng vẫn còn một_số môn trên trường nên em muốn hỏi bên công_ty có yêu_cầu thời_gian_thực tập fulltime không ạ	6
có_lẽ mình chưa đủ điều_kiện rồi	7
xin_lỗi chị_em không phù_hợp	7
tiếc quá chị mai ạ có_lẽ em chưa đáp_ứng đủ jd rồi	7
dạ nàye không phù_hợp r chị	7
dạ như này em không phù_hợp ạ	7
có_lẽ em không phù_hợp vị_trí này rồi	7
vậy chắc mình không phù_hợp công_việc này rồi	7
tiếc quá có_lẽ anh không phù_hợp rồi	7
như trong jd thì em chưa đủ điểm kiện apply tts android rồi ạ	7
thế_này thì em không hợp rồi	7
tiếc quá mình không phù_hợp công_việc này rồi	7
vậy chắc e không phù_hợp công_việc này rồi	7
vậy chắc a không phù_hợp công_việc này rồi	7
dạ em không đáp_ứng được	7
vâng tiếc quá á có_lẽ em chưa đáp_ứng đủ yêu_cầu tts ai engineer ạ	7
em ko phù_hợp mất rồi	7
thế_này thì em ko đáp_ứng đc r	7
tiếc quá có_lẽ em không phù_hợp rồi	7
em ko hợp đâu ạ	7
vậy chắc mình không phù_hợp rồi	7
vậy chắc em không phù_hợp công_việc này rồi	7
em không phù_hợp rồi chị ạ	7
vậy có_lẽ anh không phù_hợp rồi	7
em thấy chị có đăng tuyển net intern ạ	8
công_ty có vị_trí về iot không ạ	8
dạ công_ty mình có cho làm_việc remote k ạ	8
chị cho em xin jd tuyển_dụng tt sinh hành_chính nhân_sự với ạ	8
dạ vâng e chào chị_em đang quan_tâm đến vị_trí intern android ạ	8
chị ơi bên mình còn tuyển job intern react native k ạ	8
e thấy c có đăng tuyển nv marketing đúng k ạ	8
a ở hcm e làm remote được k em	8
dạ bên chị tuyển android intern ạ	8
bên mình có tuyển remote hay chi_nhánh ở hcm ko chị	8
em chào chịem đang quan_tâm đến vị_trí intern mobile ạ	8
bên bạn còn tuyển intern ko	8
ên mình còn tuyển intern react native ko ạ	8
bên bạn còn tuyển tts k ạ	8
bên mình có nhận fresher không ạ	8
hiện_tại e có tự học react native xong nên cũng muốn tìm job parttime để học_hỏi thêm	8
e muốn ứng_tuyển truyền_thông nội_bộ	8
dạ cty mình có tuyển remove ko ạ	8
bên mình nhận remote không hay phải lên công_ty ạ	8
chị ơi mình còn tuyển thực_tập_sinh không ạ	8
nếu không_thể thì bên mình có đang tuyển fresher không ạ	8
chị ơi em có thấy chị đăng tuyển ai intern	8
em có thấy bài đăng của bên mh trên fb không biết bên mh còn tuyển tts nhân_sự ko ạ	8
dạ thực_tập_sinh nhân_sự ạ	8
em muốn thực_tập ai ạ	8
hiện_tại có intern về xử_lý ảnh không ạ	8
có ds k chị	8
chị ơi bên chị có tuyển fresher k ạ hay mỗi intern thui ạ	8
nhân_sự ạ	8
bên mình chòn tuyển intern ai k ạ	8
bên mình còn tuyển vị_trí tts truyền_thông nội_bộ không ạ	8
chị cho em xin intern ai được không ạ	8
em muốn xin jd tts nhân_sự bên chị ạ	8
em muốn làm fresher hoặc intern hơn để nâng cao_kiến_thức ấy ạ	8
với cty có nhận remote k ạ	8
dạ vị_trí em quan_tâm là tts android ạ	8
em muốn apply vào vị_trí ai engineer intern ạ	8
dạ mobile intern ạ	8
vị_trí intern system admin c ạ	8
chị ơi bên mình còn tuyển intern về machine learning không ạ	8
em đọc thấy bên công_ty hyperlogy chị có tuyển intern net	8
bên mình còn tuyển tts nhân_sự không ạ	8
cho em xin jd	9
cho em xin jd với ạ	9
gửi cho mình jd với ạ	9
dạ cho em xin jd với ạ	9
mô_tả công_việc	9
cho mình xin jd này ạ	9
yêu_cầu công_việc	9
công vc tn ạ	9
e xin jd ạ	9
chị có_thể cho em xin jd hay_biết thêm thông_tin ứng_tuyển ko ạ	9
chị ơi cho em hỏi là job này giờ còn không hả chị	9
thông_tin ứng_tuyển như_thế_nào ạ	9
chị gửi e jd với ạ	9
yêu_cầu công_việc là gì ạ	9
chị cho em xin jd với ạ	9
chị cho em coi jd được ko ạ	9
chị cho em xin lại jd được không ạ	9
em xin jd vớiii	9
cho em xin jd vs ạ	9
jd như_thế_nào ạ	9
xin jd	9
cho e xin jd với ạ	9
yêu_cầu về vị_trí thực_tập ai	10
chị cho em xin jd tts truyền_thông nội_bộ với ạ	10
e xin job tts nhân_sự ạ	10
bạn ơi cho mình xin jd android intern với ạ	10
xin jd reactjs bạn	10
cho a xin jd thực_tập_sinh androi vs	10
e xin jd android intern được k ạ	10
cho mình xin jd net intern với ạ	10
em xin jd intern android	10
chào b mình xin jd intern android dc ko	10
chị ơi cho em xin jd android với ạ	10
cho em xin jd thực_tập_sinh iot vs ạ	10
chij cho em xin jd thực_tập_sinh net với ạ	10
e xin jd dotnet intern	10
em chào chị chị cho em xin jd vị_trí tts nhân_sự với ạ	10
b cho mk xin jd tts nhân_sự bên b vs	10
cho mình xin jd tt sinh ai với	10
cho minh xin jd dotnet ạ	10
cho e xin jd iot được không ạ	10
xin jd thực_tập xử_lý ảnh	10
yêu_cầu về vị_trí ai intern	10
cho em xin jd iot	10
chị ơi cho em xin jd intern android với ạ	10
cho em xin jd thực_tập_sinh android vs ạ	10
chị cho em xin jd intern android với ạ	10
mình xim jd thực tâhp sinh c ạ	10
em xin jod android intern	10
e xin jd ai ạ	10
mình xin jd thực_tập_sinh truyền_thông v vs	10
cho mình xin jd tt sinh c với	10
mình xin jd thực_tập_sinh truyền_thông v với	10
e xin jd net với	10
chị cho em xin jd intern dottnet với	10
e xin jd android ạ	10
em chào chị chị cho em xin jd intern ai với ạ	10
cho em xin jd vị_trí tts truyền_thông với ạ	10
em xin jd thưc tập sinh ai vs	10
chị cho em xin jd thực_tập_sinh androi với ạ	10
e xin jd net ạ	10
chào bạn mình thấy tin tuyển_dụng dotnet intern của bạn mình xin jd với ạ	10
chị cho em xin jd thực_tập_sinh iot với ạ	10
chị cho em xin jd android ạ	10
em xin jd tts nhân_sự ạ	10
chị cho em xin jd vị_trí về iot được không ạ	10
cho mìh xin jd tt sinh androi với	10
minh xin ob intern android voi	10
cho minh xin jd thuc tap sinh net với	10
mô_tả vị_trí thực_tập ai engineer	10
em xin jd android intern ạ	10
xin jd net ạ	10
em xin jd thực_tập sih iot ạ	10
anh xin jd thực_tập sih ai với	10
em xin jd android ạ	10
cho mình xin jd tt sinh c vs	10
để ứng_tuyển thực_tập_sinh dev thì sinh_viên năm nhất cần những kinh nghiệp gì	11
bên mình yêu_cầu gì về sinh_viên sắp ra trường cho intern iot không	11
nhưng kỹ_năng cần có với thực_tập_sinh iot	11
em là sv năm nhất có yêu_cầu gì cho inter ai không	11
các yc cần_thiết để ứng_tuyển tts web	11
dạ vâng chị cho em hỏi có yêu_cầu_kinh_nghiệm không ạ	11
bên mình yêu_cầu năm cuối và có hiểu_biết về mảng ai này	11
kỹ_năng yêu_cầu với tts marketting	11
em muốn vào vị_trí thực_tập_sinh thì cần kĩ_năng gì	11
muốn ứng_tuyển thực_tập_sinh cần kỹ_năng gì	11
kinh_nghiệm yêu_cầu đối_với thực_tập_sinh	11
vị_trí này yêu_cầu kiến_thức về các mảng nào ạ	11
muốn ứng_tuyển thực_tập_sinh nhân_sự cần những yêu_cầu gì	11
sv năm nhất muốn tt bán tg có cần kiến_thức gì ko	11
để thực_tập mobile có yêu_cầu gì không	11
em muốn thực_tập_sinh thì cần kỹ_năng gì không ạ	11
mình là sv năm hai có cần kiến_thức không ạ	11
yêu_cầu kinh nghiệp cho vị_trí thực_tập_sinh ai	11
cv này có yêu_cầu sv năm hai kiến_thức gì không	11
sinh_viên năm hai có yêu_cầu gì để thực_tập nhân_sự không	11
mình là sinh_viên năm hai thì yêu_cầu gì không	11
kỹ_năng cần_thiết cho ai	11
em muốn thực_tập_sinh thì có yêu_cầu gì không ạ	11
cho em hỏi bên mình có yêu_cầu gì với sinh_viên năm_ba không ạ	11
công_ty yêu_cầu sinh_viên năm nhất nhưng gì cho intern ai	11
tts truyền_thông cần kinh_nghiệm như_thể nào	11
mình là sinh_viên năm hai thì cần những gì	11
sv năm hai có cần gì để thực_tập web không	11
em muốn tham_gia thực_tập_sinh ai thì cần kỹ_năng gì	11
em đọc rồi ạ em thấy không có yêu_cầu ngoại_ngữ đúng không ạ	11
cho em hỏi yêu_cầu công_việc là gì	11
em muốn vào vị_trí thực_tập_sinh có yêu_cầu gì không ạ	11
cho em hỏi phần yêu_cầu công_việc ạ là yêu_cầu có kiến_thức cả về mảng ml dl vs xla hay sao ạ	11
yc với tts wb	11
mình là sinh_viên mới ra trường có yêu_cầu gì cho iot không	11
yêu_cầu cho vị_trí này là gì ạ	11
t là sinh_viên có cần kiến_thức gì ko	11
thực_tập_sinh nhân_sự cần kinh nghiệp như_thế_nào	11
em là sinh_viên năm ba thì cần có nhưng gì cho intern iot	11
em thắc_mắc là mức_độ hiểu_biết về ai deep learning xử_lý ảnh ở mức_độ như_thế_nào hả chị	11
sinh_viên năm bốn có cần kiến_thức gì cho intern ai	11
các yc với ứng_viên về thực_tập_sinh marketting	11
yc những gì về tts parttime	11
sv năm ba muốn tts parttime có yêu_cầu gì k	11
làm_sao để nộp cv vào thực_tập_sinh marketting công_ty	12
chị mai cho em xin mail với ạ	12
muốn apply intern web thì gửi thông_tin cv ở đâu	12
muốn ứng_tuyển tts hr thì nộp cv cho ai	12
chị ơi em muốn ứng_tuyển vị_trí intern react native ý giờ thì nộp cv ở đâu ạ	12
cách_thức apply vào thực_tập	12
chị minh cho em xin mail được không ạ	12
minh gửi cho mình xin mail nhé	12
làm_sao để nộp cv tts nhân_sự	12
hrhyperlogycom vậy em sẽ gửi theo gmail này nhé hay_là em gửi thẳng cv cho chị ạ	12
em gửi cv tt sinh hr vào đâu nhỉ	12
mình gửi cv tt sinh hr đâu nhỉ	12
em gửi tại đây hay qua mail của công_ty ạ chị	12
em muốn ứng_tuyển	12
e gừi thông_tin cv thực_tập_sinh hr đâu đươc ạ	12
giờ mình muốn apply vào tts web thì nộp cv ở đâu nhỉ	12
em gửi thông_tin tham_gia tts vào mail nào nhỉ	12
vâng ạ bây_giờ em muốn apply thì em làm theo hướng_dẫn như trong doc phải không ạ	12
làm_sao để apply vào tts marketting	12
nên tối mai e lên hànội e gửi cv qua mail hrhyperlogycom được không ạ	12
em nộp cv intern ở đâu vậy	12
ứng_tuyển như_thế_nào ạ	12
c có zalo hay gmail không ạ	12
làm_sao để gửi thông_tin cv thực_tập_sinh	12
cách_thức apply vào tts iot	12
cách_thức nộp cv thực_tập_sinh hr	12
em muốn apply vào vị_trí này ạ	12
cv thì gửi vào mail nào ạ	12
cách_thức gửi cv thực_tập_sinh marketting	12
em gửi cv thực_tập_sinh qua đâu nhỉ	12
làm_sao để ứng_tuyển thực_tập_sinh iot	12
em có thấy phương_thức nộp cv trong kia nhưng_mà em muốn chắc_chắn hơn ấy ạ chị cho em xin thêm phương_thức nộp cv ạ	12
làm_sao để apply intern mobile	12
em muốn tt thì gửi cv ở đâu được ạ	12
m gửi thông_tin thực_tập_sinh vào mail nào nhỉ	12
thông_tin gửi vào mail nào nhỉ	12
cho em hỏi em có_thể gửi cv qua đâu ạ	12
em liên_lạc với a công ntn ạ	12
làm_sao để nộp thông_tin vào thực_tập_sinh marketting	12
chị mai cho em xin zalo hoặc gmail ạ	12
em muốn thực_tập thì gửi cv ở đâu được ạ	12
giờ em muốn nộp cv intern iot thì nộp mail nào vậy chi	12
làm_sao để apply thực_tập_sinh nhân_sự	12
cách_thức ứng_tuyển	12
giờ e muốn ứng_tuyển thì phải làm_sao ạ	12
mail hrhyperlogycom này nhỉ	13
mail trong bài đăng đúng không chị	13
mail của mình là hrhyperlogycom đúng không	13
hrhyperlogycom à c	13
có phải là hrhyperlogycom không a	13
có phải là hrhyperlogycom không	13
mail này đúng không chị hrhyperlogycom	13
mail bên mình là hrhyperlogycom chị nhỉ	13
hrhyperlogycom đây phải không ạ	13
mail là hrhyperlogycom đúng không nhỉ	13
có phải mail trong page không ạ	13
mail trên đúng không ạ	13
mail trên à chị	13
mail hrhyperlogycom đây đúng không ạ	13
hrhyperlogycom đúng không c	13
địa_chỉ hrhyperlogycom đúng không b	13
hrhyperlogycom à chị	13
cho e hỏi mail này đúng không ạ	13
có phải là hrhyperlogycom không c mai	13
mail hôm trước chị nhỉ	13
có phải mail này không hrhyperlogycom	13
mail trên chị nhỉ	13
mail hrhyperlogycom đúng không ạ	13
hrhyperlogycom đúng không ạ	13
gmail này phải không ạ	13
chị ơi thông_tin gmail trên đúng k ạ	13
em gửi email như trên đúng ko ạ	13
em gửi vào hrhyperlogycom đúng không c	13
email này chị nhỉ	13
hrhyperlogycom em gửi vào đây c nhỉ	13
xác_nhận có phải mail là hrhyperlogycom không	13
hrhyperlogycom mail này đúng k b	13
c check giúp em cv đã gửi chưa ạ	14
mình gửi cv tts qua rồi nhé	14
dạ e gửi r c check giúp e với	14
chị ơi em gửi cv rồi chị nhé	14
c kiểm_tra xem nhận được cv chưa ạ	14
chị xem giúp em cv với	14
e gửi cv r ạ	14
mình đã gửi cv bằng mail oksjndawgmailcom rồi nhé	14
mình gửi cv qua mail rồi nhé	14
chị kiểm_tra lại mail giúp em với ạ	14
em đã gửi cv rồi ạ mail của em là alkjasgmailcom	14
em đã gửi cv thực_tập_sinh qua cho c rồi ạ	14
để tối e gửi cv ạ	14
chị kiểm_tra xem cv của e nhân được chưa ạ	14
check mail	14
chị nhận được cv chưa ạ	14
em đã gửi xong	14
chị check giúp em mail iouiiojjigmailcom với ạ	14
kiểm_tra thông_tin đã được gửi chưa	14
em gửi qua mail rồi đấy	14
chị check lại mail giúp em với ạ	14
check mail lkasdkjgmailcom giúp t	14
em gửi cv rồi ạ chị kiểm_tra giúp em với	14
chị check mail giúp em ạ	14
c ơi e gửi mail r c check mail giúp e nha	14
e gửi cv cho c r ạ	14
chị check giúp e với ạ	14
e gửi cv rồi đó ạ	14
kiểm_tra cv đã được gửi chưa	14
mình gửi cv tts rồi nhé mail mình là kjkliojgmailcom	14
em gửi bằng mail kjiojiojogmailcom chị check giúp em với	14
e có gửi mail rồi	14
kiểm_tra gửi email	14
cv của tôi đã được gửi chưa	14
check cv đã gửi chưa	14
chị check mail sjakdwkgmailcom giúp em ạ	14
em gửi cv quá mail rồi ạ	14
cv đã được gửi chưa	14
mình gửi cv rồi nha	14
em đã gửi mail cho chị rồi đó ạ	14
đã gửi mail	14
em gửi mail và cv r ý ạ	14
chị check mai giúp em_em gửi rồi ạ	14
em gửi bằng mail sặkldksagmailcom rồi nhé	14
chị kiểm_tra mail giúp em với ạ	14
chị kiếm tra giúp em xem đã nhận được cv tts chưa ạ	14
em gửi cv vào mail rồi chị check giúp em	14
mình đã gửi cv qua cho b rồi nhé	14
tôi đã học về các phương_pháp giải_quyết tranh_chấp nhân_sự và xây_dựng môi_trường làm_việc tốt	15
tôi từng tổ_chức sự_kiện marketing cho một sản_phẩm điện_tử đó là một trải_nghiệm giúp tôi phát_triển kỹ_năng quảng_bá sản_phẩm	15
kinh_nghiệm chưa nhiều	15
chị ơi em mới năm nhất đc k ạ	15
tôi đã áp_dụng kiến_thức về marketing digital để tối_ưu_hoá chiến_dịch quảng_cáo của nhãn_hiệu	15
tôi từng làm_việc với nhóm marketting tại một startup đó giúp tôi hiểu rõ về các chiến_lược marketing của startup và phát_triển kinh_nghiệm	15
em chưa có dự_án cá_nhân nào về ai mới chỉ là các practicing để hiểu thôi ý ạ	15
tôi đã học các kỹ_thuật cần_thiết cho ai như machine learning deep learning vv	15
tôi đã tham_gia các dự_án ai nhỏ trong lớp_học hoặc nhóm nghiên_cứu	15
em cũng thực_tập tại nhiều đơn_vị rồi	15
tôi đã học về việc tích_hợp các hệ_thống iot với các hệ_thống khác như hệ_thống điều_khiển hệ_thống giám_sát	15
tôi đã từng tìm_hiểu về customer segmentation và tạo persona cho một dự_án marketing đó giúp tôi hiểu hơn về nhu_cầu và thói_quen của khách_hàng	15
e mới chỉ_thực hành thôi	15
chị cho em hỏi bên mình có nhận người từng tốt_nghiệp lâu rồi nhưng ra đi làm trái ngành giờ có tìm_hiểu + học thêm và làm lại it ko ạ	15
tôi đã học cách tạo ra các nội_dung marketing để giới_thiệu sản_phẩm với đối_tượng khách_hàng tiềm_năng	15
tôi đã học các phương_pháp quản_lý nhân_sự và việc tạo môi_trường làm_việc chuyên_nghiệp	15
tôi đã từng tham_gia dự_án nghiên_cứu thị_trường cho một công_ty công_nghệ giúp tôi cải_thiện khả_năng phân_tích và hiểu sâu về marketing	15
tôi đã tìm_hiểu về ai từ các nguồn tài_liệu và khoá học trực_tuyến	15
fotor canva đc k ạ	15
về code android native thì e đã có vài năm kinh_nghiệm rồi	15
tôi đã từng áp_dụng các kỹ_năng quản_lý đánh_giá hiệu_suất nhân_viên	15
tôi đã tham_gia vào dự_án iot với sự hỗ_trợ của các thiết_bị như sensors microcontrollers gateways	15
trước em chưa thực_tập ở chỗ nào thì sao ạ	15
tôi đã từng tham_gia các dự_án nhóm với các vai_trò khác nhau để luyện_tập kỹ_năng làm_việc nhóm	15
nhưng e chưa có kinh_nghiệm ạ	15
tôi đã tìm_hiểu về các giải_pháp điều_khiển_từ_xa và định_vị cho các thiết_bị iot	15
tôi đã tìm_hiểu về các khái_niệm cơ_bản và kỹ_thuật trong lĩnh_vực iot bao_gồm viễn_thông mạng lập_trình	15
tôi đã học về các phương_pháp đào_tạo và phát_triển nhân_viên	15
tôi đã tìm_hiểu về các giải_pháp cho các vấn_đề về dữ_liệu trong iot bao_gồm việc lưu_trữ xử_lý phân_tích dữ_liệu	15
về mặt tech thì nền_tảng của e là backend dev e làm nhiềunet core và từng làm qua golang và e đag tìm_kiếm các cty đag hoặc có_thể triển_khai các hệ_thống theo kiến_trúc micoservice thì càng tốt vì e cũng đang tìm_hiểu cái này nhưng chưa có cơ_hội thực chiến ạ	15
e có kinh_nghiệm bốntháng tts tuyển_dụng r ạ	15
tôi đã tham_gia nhiều dự_án marketing cho các nhãn hàng tại trường đại_học giúp tôi nắm_bắt được các chiến_lược marketing hiệu_quả	15
tôi đã học cách phân_tích thị_trường và định_hướng chiến_lược marketing cho nhãn_hiệu	15
tôi đã tham_gia tổ_chức sự_kiện marketing nhằm mục_đích tăng_cường thị_hiếu của nhãn_hiệu	15
tôi đã học về việc triển_khai ai trong các doanh_nghiệp và các dự_án lớn	15
tôi đã tìm_hiểu về các quy_trình và pháp_luật liên_quan đến nhân_sự	15
tôi đã tìm_hiểu về việc đánh_giá mô_hình ai và cách sửa_chữa các lỗi	15
tôi đã học về các kỹ_năng tuyển_dụng nhân_sự như phân_tích và đánh_giá hồ_sơ	15
tôi đã học về các kỹ_năng nhân_sự như tư_duy phản_biện giao_tiếp quản_lý thời_gian	15
tôi đã từng áp_dụng kỹ_thuật ab testing cho một trang_web ecommerce giúp tôi hiểu rõ về cách đánh_giá hiệu_quả của một chiến_dịch marketing	15
e đi thực_tập là vẫn có lương đúng không ak	16
có hỗ_trợ gửi xe và cơm trưa không ạ	16
cho em hỏi mức trợ_cấp cho thực_tập_sinh ai là bao_nhiêu ạ	16
chế_độ lương thưởng	16
mức trợ_cấp hàng tháng với sinh_viên năm cuối	16
lương hằng tháng với sinh_viên năm ba	16
trợ_cấp cho tts	16
trợ_cấp cho intern thì sao ạ	16
e thấy trong jd chưa ghi về trợ_cấp khi thực_tập	16
lương trợ_cấp hằng tháng với sinh_viên năm hai thực_tập ai	16
chế_độ hỗ_trợ với sinh_viên xin thực_tập	16
trợ_cấp cho thực_tập	16
mức trợ_cấp với ts sinh truyền_thông	16
cho em hỏi về thực_tập_sinh full time có phụ_cấp gì không nhỉ	16
em thấy thông_tin ghi là lương upto batr đúng không ak	16
xin thông_tin về phúc_lợi với sinh_viên sắp ra tường	16
c cho em xin thông_tin về mức hỗ_trợ của thực_tập_sinh hr ạ	16
cho em hỏi mức trợ_cấp cho tts web là bao_nhiêu ạ	16
cho mình hỏi hỗ_trợ lương cho tts là như_thế_nào	16
cho em hỏi các phúc_lợi của thực_tập_sinh part time ạ	16
lương thường là bao_nhiêu ạ	16
là thực_tập_sinh part time thì sẽ hưởng các phúc_lợi nào	16
chị cho em hỏi về tiền trợ_cấp của thực_tập_sinh ạ	16
cho em xin thông_tin về phúc_lợi của thực_tập_sinh ai	16
mức hỗ_trợ với tts hr	16
c oii còn được hộ trợ thêm không ạ	16
chế_độ phụ_cấp	16
lương hỗ_trợ đối_với sinh_viên chưa ra_trường	16
em muốn hỏi về chế_độ trợ_cấp	16
phúc_lợi của tts bên mình là gì vậy c	16
cho e hỏi về mức hỗ_trợ cho tts	16
cho em hỏi mức hỗ_trợ cho tts ai là bao_nhiêu ạ	16
thông_tin về phụ_cấp với thực_tập_sinh	16
thực_tập_sinh sẽ được up to batr đúng không ạ	16
lương với sinh_viên năm cuối	16
tiền hỗ_trợ của sinh_viên thực_tập ai là bao_nhiêu	16
thông_tin về phụ_cấp với thực_tập_sinh part time	16
chị ơi bên mình có hỗ_trợ lương ko ạ	16
chế_độ lương thưởng với thực_tập_sinh web	16
mức trợ_cấp đối_với sinh_viên năm cuối	16
chế_độ lương thưởng với tts ai	16
các phúc_lợi đối_với thực_tập_sinh	16
tiền trợ_cấp cho thực_tập_sinh hr	16
phải chờ bao_lâu ạ	17
trong tuần có nhận được phản_hồi luôn không ạ	17
khi nào được nhận kết_quả phỏng_vấn	17
đợi khi nào thì có response ạ	17
đợi hẹn này phỏng_vấn	17
thời_gian bao_lâu sẽ có kết_quả	17
đến khi nào thì có response ạ	17
em có đạt vòng phỏng_vấn không ạ	17
kết_quả trả về khi nào	17
sau khi pass vòng đơn thì đợi đến khi nào a	17
chờ bao_giờ thì có kêt quả phản_hồi chị nhỉ	17
sau khi phỏng_vấn xong	17
nhận được câu trả_lời khi nào ạ	17
thời_gian phản_hồi là bao_giờ	17
mất bao_lâu để có_thể nhận được phản_hồi ạ	17
chị ơi thông_thường là phải đợi bao_lâu để biết cv có được apply ko ạ	17
thời_gian nhân được phản_hồi là bao_lâu	17
cho em hỏi sau bao_lâu thì được phỏng_vấn	17
trong bao_lâu sẽ nhận đượ kết_quả phỏng_vấn	17
mất thời_gian bao_lâu sẽ nhận được kết_quả nhỉ	17
kết quá bao_lâu sẽ được nhận	17
phản_hồi trong bao_lâu	17
thường thì sau bao_lâu sẽ có phản_hồi ạ	17
em sẽ đợi đến bao_lâu để được phỏng_vấn ạ	17
đợi đến thứ mấy thì được phỏng_vấn ạ	17
em phải chờ đến ngày nào thì có kết_quả ạ	17
thời_gian chờ phản_hồi	17
bao_lâu thì có phản_hồi ạ	17
bao_lâu thì có câu trả_lời	17
cho em hỏi thời_gian có kết_quả phỏng_vấn là khi nào	17
chờ bao_giờ thì có phản_hồi c nhỉ	17
thường thì bao_lâu có kết_quả ạ	17
đợi đến ngày bao_nhiêu thì được phỏng_vấn ak	17
thời_gian kết_quả	17
sau bao_lâu thì được hẹn phỏng_vấn ạ	17
thời_gian để phản_hồi kết_quả là bao_giờ chị nhỉ	17
giờ em muốn ứng_tuyển vị_trí này còn kịp không	18
giờ em nộp cv còn kịp không	18
vị_trí còn tuyển không	18
nên e hỏi c xem còn tuyển k để e gửi lại ạ	18
cho em xin job này được không	18
vị_trí này còn không ạ	18
bây_giờ em ứng_tuyển còn kịp không	18
k biết bên mình có tuyển k ạ	18
giờ ứng_tuyển có kịp không ạ	18
còn slot	18
vị_trí này giờ như nào ạ	18
xin job	18
job này còn tuyển không	18
cho em hỏi còn tuyển không ạ	18
em muốn ứng_tuyển thì kịp không	18
công_ty còn tuyển vị_trí này không ạ	18
cho mình hỏi công_ty còn tuyển job này không	18
còn tuyển không	18
còn kịp để e ứng_tuyển ko	18
em ứng_tuyển giờ này còn kịp không	18
em đăng_ký giờ thì còn kịp không	18
còn tuyển vị_trí này không	18
mình nhận job này nhé	18
dạ chị còn tuyển vị_trí này ko ạ	18
vị_trí này còn tuyển không	18
cho em hỏi job này còn không	18
em ứng_tuyển vị_trí này còn kịp không	18
em nộp cv giờ còn kịp không	18
cho em ứng_tuyển vị_trí này đươc không	18
chị còn tuyển không ạ	18
quá_trình thực_tập_sinh sẽ được dạy những gì ạ	19
những kiến_thức được dạy trong quá_trình thực_tập	19
kế_hoạch đào đạo với tts ai như_thế_nào	19
vòng training sẽ gồm những gì ạ	19
sau_này kế_hoạch đào_tạo sẽ như_thế_nào ạ	19
cho em hỏi về lộ_trình	19
cho em hỏi về kế_hoạch đào_tạo	19
sinh_viên năm ba khi thực_tập sẽ được đào_tạo thêm những kĩ_năng gì ạ	19
tts hr sẽ được học những gì trong quá_trình training ạ	19
vòng traning	19
nếu qua vòng interview thì kế_hoạch đào_tạo là gì ạ	19
xin thông_tin về lộ_trình trainning của tts marketting ạ	19
lộ_trình học	19
lộ_trình học_tập	19
kế_hoạch đào_tạo của tts ai là gì ạ	19
tts ai chưa có kinh_nghiệm có được đào_tạo thêm không	19
cho em hỏi là thực_tập_sinh ai sẽ được đào_tạo thêm những gì ạ	19
lộ_trình học_tập như_thế_nào ạ	19
cho em hỏi kế_hoạch đào_tạo với tts hr	19
đào_tạo thêm những gì	19
trong vòng training sẽ được học những gì ạ	19
chị cho em xin kế_hoạch đào_tạo với ạ	19
cho em xin lộ_trình học_tập tts ai với sinh_viên năm cuối ạ	19
xin thông_tin về lộ_trình đào_tạo với thực_tập_sinh hr ạ	19
bên mình có kế_hoạch đào_tạo không chị	19
c cho em xin kế_hoạch đào_tạo với ạ	19
em xin kế_hoạch đào_tạo với sinh_viên năm cuối thực_tập ai	19
sinh_viên năm ba chưa có kinh_nghiệm có được đào_tạo thêm không	19
được dạy những gì	19
sau vòng pv thì kế_hoạch đào_tạo là gì ạ	19
cho em hỏi về kế_hoạch thực_tập_sinh iot với sinh_viên năm hai	19
nếu đạt phỏng_vấn thì kế_hoạch đào_tạo như_thế_nào ạ	19
cho em xin thông_tin về lộ_trình training với ạ	19
e muốn hỏi lộ_trình học_tập	19
kế_hoạch đào_tạo nếu_như em trúng_tuyển như_thế_nào ạ	19
lộ_trình training	19
dạ chị cho em hỏi thực_tập trong thời_gian bao_lâu ạ	19
lộ_trình đào_tạo	19
cho em xin thông_tin về lộ_trình đào_tạo thực_tập_sinh mobile ạ	19
thực_tập trinh ai sẽ được học những gì trong quá_trình traning ạ	19
kế_hoạch đào_tạo như_thế_nào ạ	19
em sẽ được dạy những kiến_thức nào trong quá_trình thực_tập ạ	19
kế_hoạch đào_tạo của bên mình như sao ạ	19
cho em hỏi về lộ_trình training của công_ty ạ	19
cho mình hỏi về lộ_trình traning của tts iot ạ	19
cho em hỏi về lộ_trình training của thực_tập_sinh ai	19
plan đào_tạo	19
kế_hoạch đào_tạo với thực_tập_sinh	19
lộ_trình học_tập với thực_tập_sinh hr là gì ạ	19
cho em xin lộ_trình đào_tạo với thực_tập_sinh ai	19
e muốn hỏi về kế_hoạch đào_tạo	19
nếu chưa có kinh_nghiệm có được đào_tạo thêm gì không ạ	19
vị_trí thực_tập_sinh ai còn tuyển bao_nhiêu ạ	20
chị ơi vịtrí này tuyển nhiều ko	20
chỉtiêu cho vịtrí ai engineer	20
dạ em muốn hỏi về chỉtiêu cho vịtrí ở trên	20
còn bao_nhiêu slot ạ	20
vị_trí này còn bao_nhiêu ạ	20
mình xin tt sinh nhân_sự còn tuyển bao_nhiêu	20
còn baonhiêu slot cho vịtrí ai engineer ạ	20
lượng chỉ_tiêu cho vị_trí ai còn nhiều không ạ	20
em muốn đăng_ký thực_tập_sinh hr còn nhiều slot không ạ	20
dạ em muốn hỏi về chỉ_tiêu cho vị_trí ở trên	20
vịtrí này còn baonhiêu ạ	20
lượng slot còn tuyển cho vị_trí tts iot còn nhiều không ạ	20
mình muốn xin thực_tập iot thì còn nhiều slot không ạ	20
lượng slot còn tuyển cho tts truyền_thông còn không ạ	20
vịtrí này tuyển baonhiêu ạ	20
chỉ_tiêu cho vị_trí ai engineer	20
chị ơi vị_trí này tuyển nhiều ko	20
vị_trí này tuyển bao_nhiêu ạ	20
còn nhiều slot cho vị_trí này không chị	20
chỉ_tiêu thực_tập_sinh	20
em muốn ứng_tuyển tts ai thì còn nhiều slot không ạ	20
chỉ_tiêu về vị_trí này như_thế_nào ạ	20
còn nhiều chỉ_tiêu cho vị_trí thực_tập_sinh marketting không ạ	20
chỉtiêu về vịtrí này nhưthếnào ạ	20
vị trái tts hr còn tuyển bao_nhiêu ạ	20
chị cho e hỏi về chỉtiêu cho vịtrí e đg muốn là thựctậpsinh kỹsư ai thì có nhiều slot khum ạ	20
chỉ_tiêu của vị_trí này	20
còn nhiều slot cho vịtrí này không chị	20
số chỉ_tiêu cho vị_trí marketting còn không ạ	20
deadline là bao_giờ chị nhỉ	21
chị cho em hỏi deadline nộp cv là hôm nào ạ	21
deadline xin vào tts là bao_giờ	21
cho em hỏi thời_hạn nộp cv là đến hôm nào ạ	21
em có bao_lâu để hoàn_thiện cv ạ	21
hạn nộp đến bao_giờ hả chị	21
thời_hạn tham_gia vị_trí tts ai là bao_giờ ạ	21
ngày hết hạn nộp cv	21
deadline nộp cv	21
xin thông_tin deadline nộp cv	21
khi nào thì hết hạn tuyển tts ai ạ	21
nộp cv hạn cuối là hôm nào ạ	21
thời_gian nộp cv là trước ngày bao_nhiêu c nhỉ	21
hôm nào thì hết hạn ứng_tuyển tts hr ạ	21
bao_lâu đến hạn hoàn_thiện	21
giờ con còn thời_gian bao_lâu để nộp cv ạ	21
thời_hạn nộp cv	21
hạn xin thực_tập là trước ngày bao_nhiêu ạ	21
ngày bao_nhiêu là hết hạn tuyển tts iot ạ	21
ngày hết hạn xin thực_tập_sinh nhân_sự là bao_giờ ạ	21
em nộp cv trước ngày được không	21
khi nào đến hạn nộp ạ	21
khi nào hết deadline nộp	21
thời giạn apply là bao_giờ ạ	21
thời giạn ứng_tuyển vị_trí tts nhân_sự là đén bao_giờ ạ	21
khi nào thì hết hạn nộp cv ạ	21
deadline cho vị_trí tts ai là bao_giờ	21
em phải nộp cv trước ngày bao_nhiêu ạ	21
hôm nào thì hết hạn tuyển thực_tập_sinh ai ạ	21
em còn bao ngày để hoàn_thiện cv ạ	21
thời_gian xin thực_tập là trước ngày bao_nhiêu ạ	21
khi nào thì đến hạn apply ạ	21
deadline nộp cv là lúc_nào chị	21
deadline là thứ mấy ạ	21
thời_gian ứng_tuyển là trước ngày bao_nhiêu ạ	21
